{"cameraMode":{"drawMode":0,"name":"Shaded","section":"Shading Mode"},"sceneLighting":true,"audioPlay":false,"sceneViewState":{"m_AlwaysRefresh":false,"showFog":true,"showSkybox":true,"showFlares":true,"showImageEffects":true,"showParticleSystems":true,"showVisualEffectGraphs":true,"m_FxEnabled":true},"in2DMode":false,"pivot":{"x":9.667972564697266,"y":1.5722593069076539,"z":0.756801187992096},"rotation":{"x":0.4028133451938629,"y":0.03431031480431557,"z":-0.015112604945898056,"w":0.9145138263702393},"size":31.799896240234376,"orthographic":false}