{"cameraMode":{"drawMode":0,"name":"Shaded","section":"Shading Mode"},"sceneLighting":true,"audioPlay":false,"sceneViewState":{"m_AlwaysRefresh":false,"showFog":true,"showSkybox":true,"showFlares":true,"showImageEffects":true,"showParticleSystems":true,"showVisualEffectGraphs":true,"m_FxEnabled":true},"in2DMode":false,"pivot":{"x":18.012327194213868,"y":1.3110344409942628,"z":28.010469436645509},"rotation":{"x":-0.006141290068626404,"y":0.5739967226982117,"z":0.004305057693272829,"w":0.8188232779502869},"size":3.2515885829925539,"orthographic":false}